original_index,original_value,injected_value,snr_db,injection_type,timestamp,noise_added
110,2.34375,2.34375,18,Level_I,2025-10-22T15:35:50.948364,0.0
124,3.125,3.125,8,Level_II,2025-10-22T15:35:50.948396,0.0
127,3.125,3.125,0,Level_III,2025-10-22T15:35:50.948415,0.0
191,3.125,3.125,18,Level_I,2025-10-22T15:35:50.948432,0.0
212,3.125,3.125,8,Level_II,2025-10-22T15:35:50.948449,0.0
431,0.78125,0.78125,0,Level_III,2025-10-22T15:35:50.948465,0.0
441,3.125,3.125,18,Level_I,2025-10-22T15:35:50.948482,0.0
454,-5.46875,-5.46875,8,Level_II,2025-10-22T15:35:50.948498,0.0
625,3.125,3.125,0,Level_III,2025-10-22T15:35:50.948514,0.0
696,1.5625,1.5625,18,Level_I,2025-10-22T15:35:50.948530,0.0
831,3.125,3.125,8,Level_II,2025-10-22T15:35:50.948546,0.0
836,3.125,3.125,0,Level_III,2025-10-22T15:35:50.948562,0.0
890,3.125,3.125,18,Level_I,2025-10-22T15:35:50.948578,0.0
963,6.25,6.25,8,Level_II,2025-10-22T15:35:50.948594,0.0
1097,3.125,3.125,0,Level_III,2025-10-22T15:35:50.948703,0.0
1165,3.125,3.125,18,Level_I,2025-10-22T15:35:50.948730,0.0
1180,3.125,3.125,8,Level_II,2025-10-22T15:35:50.948749,0.0
1213,3.125,3.125,0,Level_III,2025-10-22T15:35:50.948768,0.0
1246,3.125,3.125,18,Level_I,2025-10-22T15:35:50.948785,0.0
1491,3.125,3.125,8,Level_II,2025-10-22T15:35:50.948801,0.0
1518,3.125,3.125,0,Level_III,2025-10-22T15:35:50.948817,0.0
1696,3.125,3.125,18,Level_I,2025-10-22T15:35:50.948834,0.0
1818,3.125,3.125,8,Level_II,2025-10-22T15:35:50.948850,0.0
1856,3.125,3.125,0,Level_III,2025-10-22T15:35:50.948870,0.0
1945,3.125,3.125,18,Level_I,2025-10-22T15:35:50.948888,0.0
1990,3.125,3.125,8,Level_II,2025-10-22T15:35:50.948904,0.0
2009,3.125,3.125,0,Level_III,2025-10-22T15:35:50.948920,0.0
2059,3.125,3.125,18,Level_I,2025-10-22T15:35:50.948936,0.0
2126,3.125,3.125,8,Level_II,2025-10-22T15:35:50.948952,0.0
2165,3.125,3.125,0,Level_III,2025-10-22T15:35:50.948967,0.0
2189,3.125,3.125,18,Level_I,2025-10-22T15:35:50.948983,0.0
2295,3.125,3.125,8,Level_II,2025-10-22T15:35:50.948999,0.0
2338,3.125,3.125,0,Level_III,2025-10-22T15:35:50.949015,0.0
2359,3.125,3.125,18,Level_I,2025-10-22T15:35:50.949031,0.0
2476,3.125,3.125,8,Level_II,2025-10-22T15:35:50.949047,0.0
2528,3.125,3.125,0,Level_III,2025-10-22T15:35:50.949062,0.0
2638,0.78125,0.78125,18,Level_I,2025-10-22T15:35:50.949078,0.0
2652,3.125,3.125,8,Level_II,2025-10-22T15:35:50.949093,0.0
2691,3.125,3.125,0,Level_III,2025-10-22T15:35:50.949109,0.0
2757,3.125,3.125,18,Level_I,2025-10-22T15:35:50.949124,0.0
2975,3.125,3.125,8,Level_II,2025-10-22T15:35:50.949140,0.0
3008,6.25,6.25,0,Level_III,2025-10-22T15:35:50.949156,0.0
3031,3.125,3.125,18,Level_I,2025-10-22T15:35:50.949171,0.0
3288,0.78125,0.78125,8,Level_II,2025-10-22T15:35:50.949187,0.0
3308,4.6875,4.6875,0,Level_III,2025-10-22T15:35:50.949203,0.0
3313,4.6875,4.6875,18,Level_I,2025-10-22T15:35:50.949218,0.0
3452,6.25,6.25,8,Level_II,2025-10-22T15:35:50.949234,0.0
3495,3.125,3.125,0,Level_III,2025-10-22T15:35:50.949249,0.0
3559,3.90625,3.90625,18,Level_I,2025-10-22T15:35:50.949265,0.0
3580,5.46875,5.46875,8,Level_II,2025-10-22T15:35:50.949280,0.0
3795,3.125,3.125,0,Level_III,2025-10-22T15:35:50.949296,0.0
3799,3.125,3.125,18,Level_I,2025-10-22T15:35:50.949311,0.0
3874,3.125,3.125,8,Level_II,2025-10-22T15:35:50.949327,0.0
3944,0.78125,0.78125,0,Level_III,2025-10-22T15:35:50.949343,0.0
3955,0.78125,0.78125,18,Level_I,2025-10-22T15:35:50.949358,0.0
4057,3.125,3.125,8,Level_II,2025-10-22T15:35:50.949374,0.0
4092,3.125,3.125,0,Level_III,2025-10-22T15:35:50.949389,0.0
4157,3.125,3.125,18,Level_I,2025-10-22T15:35:50.949405,0.0
4232,3.125,3.125,8,Level_II,2025-10-22T15:35:50.949421,0.0
4346,-4.6875,-4.6875,0,Level_III,2025-10-22T15:35:50.949437,0.0
4422,0.0,0.0,18,Level_I,2025-10-22T15:35:50.949452,0.0
4472,1.5625,1.5625,8,Level_II,2025-10-22T15:35:50.949467,0.0
4475,1.5625,1.5625,0,Level_III,2025-10-22T15:35:50.949483,0.0
4563,3.125,3.125,18,Level_I,2025-10-22T15:35:50.949499,0.0
4609,1.5625,1.5625,8,Level_II,2025-10-22T15:35:50.949514,0.0
4615,1.5625,1.5625,0,Level_III,2025-10-22T15:35:50.949531,0.0
4699,3.125,3.125,18,Level_I,2025-10-22T15:35:50.949547,0.0
4800,3.125,3.125,8,Level_II,2025-10-22T15:35:50.949562,0.0
4859,1.5625,1.5625,0,Level_III,2025-10-22T15:35:50.949578,0.0
4997,-0.78125,-0.78125,18,Level_I,2025-10-22T15:35:50.949593,0.0
4998,-0.78125,-0.78125,8,Level_II,2025-10-22T15:35:50.949609,0.0
5012,-0.78125,-0.78125,0,Level_III,2025-10-22T15:35:50.949625,0.0
5102,-0.78125,-0.78125,18,Level_I,2025-10-22T15:35:50.949640,0.0
5173,-0.78125,-0.78125,8,Level_II,2025-10-22T15:35:50.949656,0.0
5333,-0.78125,-0.78125,0,Level_III,2025-10-22T15:35:50.949672,0.0
5488,-3.90625,-3.90625,18,Level_I,2025-10-22T15:35:50.949687,0.0
5528,3.125,3.125,8,Level_II,2025-10-22T15:35:50.949703,0.0
5551,0.78125,0.78125,0,Level_III,2025-10-22T15:35:50.949720,0.0
5567,-0.78125,-0.78125,18,Level_I,2025-10-22T15:35:50.949736,0.0
5716,-0.78125,-0.78125,8,Level_II,2025-10-22T15:35:50.949752,0.0
5763,-3.125,-3.125,0,Level_III,2025-10-22T15:35:50.949767,0.0
5803,-0.78125,-0.78125,18,Level_I,2025-10-22T15:35:50.949783,0.0
5835,0.78125,0.78125,8,Level_II,2025-10-22T15:35:50.949798,0.0
5859,-0.78125,-0.78125,0,Level_III,2025-10-22T15:35:50.949814,0.0
5890,-0.78125,-0.78125,18,Level_I,2025-10-22T15:35:50.949829,0.0
5982,0.0,0.0,8,Level_II,2025-10-22T15:35:50.949845,0.0
6075,-5.46875,-5.46875,0,Level_III,2025-10-22T15:35:50.949860,0.0
6108,2.34375,2.34375,18,Level_I,2025-10-22T15:35:50.949876,0.0
6257,-0.78125,-0.78125,8,Level_II,2025-10-22T15:35:50.949891,0.0
6340,-0.78125,-0.78125,0,Level_III,2025-10-22T15:35:50.949907,0.0
6370,-0.78125,-0.78125,18,Level_I,2025-10-22T15:35:50.949923,0.0
6435,0.0,0.0,8,Level_II,2025-10-22T15:35:50.949938,0.0
6491,1.5625,1.5625,0,Level_III,2025-10-22T15:35:50.949954,0.0
6573,0.78125,0.78125,18,Level_I,2025-10-22T15:35:50.949970,0.0
6585,-0.78125,-0.78125,8,Level_II,2025-10-22T15:35:50.949986,0.0
6682,0.0,0.0,0,Level_III,2025-10-22T15:35:50.950001,0.0
6759,1.5625,1.5625,18,Level_I,2025-10-22T15:35:50.950017,0.0
6793,0.0,0.0,8,Level_II,2025-10-22T15:35:50.950032,0.0
6904,0.0,0.0,0,Level_III,2025-10-22T15:35:50.950048,0.0
6939,-0.78125,-0.78125,18,Level_I,2025-10-22T15:35:50.950063,0.0
6946,-0.78125,-0.78125,8,Level_II,2025-10-22T15:35:50.950079,0.0
7110,-0.78125,-0.78125,0,Level_III,2025-10-22T15:35:50.950094,0.0
7167,1.5625,1.5625,18,Level_I,2025-10-22T15:35:50.950110,0.0
7182,2.34375,2.34375,8,Level_II,2025-10-22T15:35:50.950125,0.0
7329,3.125,3.125,0,Level_III,2025-10-22T15:35:50.950141,0.0
7390,-2.34375,-2.34375,18,Level_I,2025-10-22T15:35:50.950156,0.0
7467,2.34375,2.34375,8,Level_II,2025-10-22T15:35:50.950172,0.0
7475,2.34375,2.34375,0,Level_III,2025-10-22T15:35:50.950187,0.0
7481,-0.78125,-0.78125,18,Level_I,2025-10-22T15:35:50.950202,0.0
7515,-0.78125,-0.78125,8,Level_II,2025-10-22T15:35:50.950219,0.0
7554,1.5625,1.5625,0,Level_III,2025-10-22T15:35:50.950235,0.0
7563,0.0,0.0,18,Level_I,2025-10-22T15:35:50.950250,0.0
7638,-0.78125,-0.78125,8,Level_II,2025-10-22T15:35:50.950266,0.0
7640,-0.78125,-0.78125,0,Level_III,2025-10-22T15:35:50.950281,0.0
7716,-0.78125,-0.78125,18,Level_I,2025-10-22T15:35:50.950297,0.0
7718,-0.78125,-0.78125,8,Level_II,2025-10-22T15:35:50.950312,0.0
7912,-5.46875,-5.46875,0,Level_III,2025-10-22T15:35:50.950328,0.0
7947,0.78125,0.78125,18,Level_I,2025-10-22T15:35:50.950343,0.0
7949,0.78125,0.78125,8,Level_II,2025-10-22T15:35:50.950359,0.0
7982,-5.46875,-5.46875,0,Level_III,2025-10-22T15:35:50.950374,0.0
8115,-0.78125,-0.78125,18,Level_I,2025-10-22T15:35:50.950389,0.0
8270,-0.78125,-0.78125,8,Level_II,2025-10-22T15:35:50.950405,0.0
8492,0.78125,0.78125,0,Level_III,2025-10-22T15:35:50.950420,0.0
8504,1.5625,1.5625,18,Level_I,2025-10-22T15:35:50.950436,0.0
8668,-0.78125,-0.78125,8,Level_II,2025-10-22T15:35:50.950452,0.0
8725,-1.5625,-1.5625,0,Level_III,2025-10-22T15:35:50.950467,0.0
8865,-2.34375,-2.34375,18,Level_I,2025-10-22T15:35:50.950483,0.0
8952,-0.78125,-0.78125,8,Level_II,2025-10-22T15:35:50.950498,0.0
9073,-2.34375,-2.34375,0,Level_III,2025-10-22T15:35:50.950513,0.0
9105,0.78125,0.78125,18,Level_I,2025-10-22T15:35:50.950530,0.0
9126,-2.34375,-2.34375,8,Level_II,2025-10-22T15:35:50.950546,0.0
9146,-0.78125,-0.78125,0,Level_III,2025-10-22T15:35:50.950561,0.0
9169,-2.34375,-2.34375,18,Level_I,2025-10-22T15:35:50.950576,0.0
9197,-2.34375,-2.34375,8,Level_II,2025-10-22T15:35:50.950592,0.0
9207,-2.34375,-2.34375,0,Level_III,2025-10-22T15:35:50.950607,0.0
9281,-2.34375,-2.34375,18,Level_I,2025-10-22T15:35:50.950623,0.0
9298,-2.34375,-2.34375,8,Level_II,2025-10-22T15:35:50.950638,0.0
9311,-2.34375,-2.34375,0,Level_III,2025-10-22T15:35:50.950654,0.0
9342,-2.34375,-2.34375,18,Level_I,2025-10-22T15:35:50.950669,0.0
9351,-2.34375,-2.34375,8,Level_II,2025-10-22T15:35:50.950685,0.0
9553,-2.34375,-2.34375,0,Level_III,2025-10-22T15:35:50.950700,0.0
9556,-2.34375,-2.34375,18,Level_I,2025-10-22T15:35:50.950716,0.0
9579,-2.34375,-2.34375,8,Level_II,2025-10-22T15:35:50.950732,0.0
9598,-2.34375,-2.34375,0,Level_III,2025-10-22T15:35:50.950747,0.0
9631,-2.34375,-2.34375,18,Level_I,2025-10-22T15:35:50.950763,0.0
9632,-2.34375,-2.34375,8,Level_II,2025-10-22T15:35:50.950778,0.0
9694,-2.34375,-2.34375,0,Level_III,2025-10-22T15:35:50.950794,0.0
9720,-2.34375,-2.34375,18,Level_I,2025-10-22T15:35:50.950810,0.0
9809,-3.125,-3.125,8,Level_II,2025-10-22T15:35:50.950825,0.0
9897,-2.34375,-2.34375,0,Level_III,2025-10-22T15:35:50.950841,0.0
9920,-3.125,-3.125,18,Level_I,2025-10-22T15:35:50.950857,0.0
9928,-3.125,-3.125,8,Level_II,2025-10-22T15:35:50.950872,0.0
10062,-3.125,-3.125,0,Level_III,2025-10-22T15:35:50.950888,0.0
10085,-1.5625,-1.5625,18,Level_I,2025-10-22T15:35:50.950903,0.0
10093,-1.5625,-1.5625,8,Level_II,2025-10-22T15:35:50.950918,0.0
10121,-2.34375,-2.34375,0,Level_III,2025-10-22T15:35:50.950934,0.0
10166,-2.34375,-2.34375,18,Level_I,2025-10-22T15:35:50.950950,0.0
10189,0.78125,0.78125,8,Level_II,2025-10-22T15:35:50.950983,0.0
10193,0.0,0.0,0,Level_III,2025-10-22T15:35:50.951021,0.0
10254,-2.34375,-2.34375,18,Level_I,2025-10-22T15:35:50.951041,0.0
10276,-0.78125,-0.78125,8,Level_II,2025-10-22T15:35:50.951058,0.0
10299,-0.78125,-0.78125,0,Level_III,2025-10-22T15:35:50.951075,0.0
10572,-3.125,-3.125,18,Level_I,2025-10-22T15:35:50.951091,0.0
10643,1.5625,1.5625,8,Level_II,2025-10-22T15:35:50.951107,0.0
10742,-2.34375,-2.34375,0,Level_III,2025-10-22T15:35:50.951123,0.0
10755,-3.125,-3.125,18,Level_I,2025-10-22T15:35:50.951154,0.0
11077,53.0,53.0,8,Level_II,2025-10-22T15:35:50.951175,0.0
11425,77.0,77.0,0,Level_III,2025-10-22T15:35:50.951192,0.0
11567,81.0,81.0,18,Level_I,2025-10-22T15:35:50.951208,0.0
11605,81.0,81.0,8,Level_II,2025-10-22T15:35:50.951224,0.0
11617,82.0,82.0,0,Level_III,2025-10-22T15:35:50.951239,0.0
11887,87.0,87.0,18,Level_I,2025-10-22T15:35:50.951255,0.0
11903,87.0,87.0,8,Level_II,2025-10-22T15:35:50.951271,0.0
11949,87.0,87.0,0,Level_III,2025-10-22T15:35:50.951288,0.0
11995,87.0,87.0,18,Level_I,2025-10-22T15:35:50.951304,0.0
12037,87.0,87.0,8,Level_II,2025-10-22T15:35:50.951319,0.0
12064,87.0,87.0,0,Level_III,2025-10-22T15:35:50.951335,0.0
12235,88.0,88.0,18,Level_I,2025-10-22T15:35:50.951350,0.0
12362,87.0,87.0,8,Level_II,2025-10-22T15:35:50.951366,0.0
12385,87.0,87.0,0,Level_III,2025-10-22T15:35:50.951382,0.0
12430,88.0,88.0,18,Level_I,2025-10-22T15:35:50.951410,0.0
12447,88.0,88.0,8,Level_II,2025-10-22T15:35:50.951427,0.0
12520,87.0,87.0,0,Level_III,2025-10-22T15:35:50.951444,0.0
12603,88.0,88.0,18,Level_I,2025-10-22T15:35:50.951460,0.0
12633,86.0,86.0,8,Level_II,2025-10-22T15:35:50.951588,0.0
12662,86.0,86.0,0,Level_III,2025-10-22T15:35:50.951699,0.0
12678,85.0,85.0,18,Level_I,2025-10-22T15:35:50.951719,0.0
12728,86.0,86.0,8,Level_II,2025-10-22T15:35:50.951735,0.0
12797,88.0,88.0,0,Level_III,2025-10-22T15:35:50.951751,0.0
12825,88.0,88.0,18,Level_I,2025-10-22T15:35:50.951825,0.0
12847,87.0,87.0,8,Level_II,2025-10-22T15:35:50.951846,0.0
12956,85.0,85.0,0,Level_III,2025-10-22T15:35:50.951862,0.0
13099,89.0,89.0,18,Level_I,2025-10-22T15:35:50.951878,0.0
13109,89.0,89.0,8,Level_II,2025-10-22T15:35:50.951894,0.0
13124,89.0,89.0,0,Level_III,2025-10-22T15:35:50.951910,0.0
13129,89.0,89.0,18,Level_I,2025-10-22T15:35:50.951926,0.0
13151,89.0,89.0,8,Level_II,2025-10-22T15:35:50.951941,0.0
13297,-0.78125,-0.78125,0,Level_III,2025-10-22T15:35:50.951957,0.0
13321,0.0,0.0,18,Level_I,2025-10-22T15:35:50.951973,0.0
13352,-1.5625,-1.5625,8,Level_II,2025-10-22T15:35:50.951988,0.0
13506,-1.5625,-1.5625,0,Level_III,2025-10-22T15:35:50.952004,0.0
13716,-1.5625,-1.5625,18,Level_I,2025-10-22T15:35:50.952020,0.0
13774,-1.5625,-1.5625,8,Level_II,2025-10-22T15:35:50.952035,0.0
13826,-1.5625,-1.5625,0,Level_III,2025-10-22T15:35:50.952051,0.0
13915,-1.5625,-1.5625,18,Level_I,2025-10-22T15:35:50.952066,0.0
13980,0.0,0.0,8,Level_II,2025-10-22T15:35:50.952082,0.0
14076,-2.34375,-2.34375,0,Level_III,2025-10-22T15:35:50.952097,0.0
14132,-1.5625,-1.5625,18,Level_I,2025-10-22T15:35:50.952113,0.0
14377,0.0,0.0,8,Level_II,2025-10-22T15:35:50.952128,0.0
14381,0.0,0.0,0,Level_III,2025-10-22T15:35:50.952144,0.0
14384,0.0,0.0,18,Level_I,2025-10-22T15:35:50.952159,0.0
14401,0.78125,0.78125,8,Level_II,2025-10-22T15:35:50.952175,0.0
14430,-1.5625,-1.5625,0,Level_III,2025-10-22T15:35:50.952190,0.0
14523,0.78125,0.78125,18,Level_I,2025-10-22T15:35:50.952205,0.0
14528,-1.5625,-1.5625,8,Level_II,2025-10-22T15:35:50.952221,0.0
14673,-1.5625,-1.5625,0,Level_III,2025-10-22T15:35:50.952237,0.0
14753,-1.5625,-1.5625,18,Level_I,2025-10-22T15:35:50.952252,0.0
14791,-0.78125,-0.78125,8,Level_II,2025-10-22T15:35:50.952268,0.0
14894,-1.5625,-1.5625,0,Level_III,2025-10-22T15:35:50.952283,0.0
14912,-1.5625,-1.5625,18,Level_I,2025-10-22T15:35:50.952298,0.0
14957,-1.5625,-1.5625,8,Level_II,2025-10-22T15:35:50.952314,0.0
14982,-1.5625,-1.5625,0,Level_III,2025-10-22T15:35:50.952329,0.0
15101,-0.78125,-0.78125,18,Level_I,2025-10-22T15:35:50.952345,0.0
15127,0.0,0.0,8,Level_II,2025-10-22T15:35:50.952360,0.0
15268,-5.46875,-5.46875,0,Level_III,2025-10-22T15:35:50.952376,0.0
15530,0.0,0.0,18,Level_I,2025-10-22T15:35:50.952391,0.0
15538,-5.46875,-5.46875,8,Level_II,2025-10-22T15:35:50.952407,0.0
15607,-0.78125,-0.78125,0,Level_III,2025-10-22T15:35:50.952422,0.0
15621,-1.5625,-1.5625,18,Level_I,2025-10-22T15:35:50.952438,0.0
15671,-1.5625,-1.5625,8,Level_II,2025-10-22T15:35:50.952454,0.0
15726,-1.5625,-1.5625,0,Level_III,2025-10-22T15:35:50.952470,0.0
15742,0.78125,0.78125,18,Level_I,2025-10-22T15:35:50.952485,0.0
15864,-1.5625,-1.5625,8,Level_II,2025-10-22T15:35:50.952500,0.0
15922,-1.5625,-1.5625,0,Level_III,2025-10-22T15:35:50.952516,0.0
15943,-1.5625,-1.5625,18,Level_I,2025-10-22T15:35:50.952532,0.0
16073,39.0,39.0,8,Level_II,2025-10-22T15:35:50.952547,0.0
16129,45.0,45.0,0,Level_III,2025-10-22T15:35:50.952563,0.0
16159,49.0,49.0,18,Level_I,2025-10-22T15:35:50.952578,0.0
16235,57.0,57.0,8,Level_II,2025-10-22T15:35:50.952595,0.0
16323,62.0,62.0,0,Level_III,2025-10-22T15:35:50.952611,0.0
16349,63.0,63.0,18,Level_I,2025-10-22T15:35:50.952627,0.0
16393,66.0,66.0,8,Level_II,2025-10-22T15:35:50.952642,0.0
16435,68.0,68.0,0,Level_III,2025-10-22T15:35:50.952657,0.0
16443,69.0,69.0,18,Level_I,2025-10-22T15:35:50.952673,0.0
16451,69.0,69.0,8,Level_II,2025-10-22T15:35:50.952688,0.0
16483,71.0,71.0,0,Level_III,2025-10-22T15:35:50.952703,0.0
16514,72.0,72.0,18,Level_I,2025-10-22T15:35:50.952719,0.0
16620,80.0,80.0,8,Level_II,2025-10-22T15:35:50.952734,0.0
16657,84.0,84.0,0,Level_III,2025-10-22T15:35:50.952750,0.0
16666,85.0,85.0,18,Level_I,2025-10-22T15:35:50.952766,0.0
16686,86.0,86.0,8,Level_II,2025-10-22T15:35:50.952781,0.0
16776,86.0,86.0,0,Level_III,2025-10-22T15:35:50.952797,0.0
16804,86.0,86.0,18,Level_I,2025-10-22T15:35:50.952812,0.0
16886,85.0,85.0,8,Level_II,2025-10-22T15:35:50.952828,0.0
17012,86.0,86.0,0,Level_III,2025-10-22T15:35:50.952843,0.0
17307,86.0,86.0,18,Level_I,2025-10-22T15:35:50.952859,0.0
17320,84.0,84.0,8,Level_II,2025-10-22T15:35:50.952875,0.0
17346,85.0,85.0,0,Level_III,2025-10-22T15:35:50.952890,0.0
17478,85.0,85.0,18,Level_I,2025-10-22T15:35:50.952927,0.0
17510,87.0,87.0,8,Level_II,2025-10-22T15:35:50.952952,0.0
17552,86.0,86.0,0,Level_III,2025-10-22T15:35:50.952968,0.0
17553,86.0,86.0,18,Level_I,2025-10-22T15:35:50.952985,0.0
17644,86.0,86.0,8,Level_II,2025-10-22T15:35:50.953001,0.0
17731,86.0,86.0,0,Level_III,2025-10-22T15:35:50.953017,0.0
17891,86.0,86.0,18,Level_I,2025-10-22T15:35:50.953032,0.0
17919,87.0,87.0,8,Level_II,2025-10-22T15:35:50.953048,0.0
18010,88.0,88.0,0,Level_III,2025-10-22T15:35:50.953064,0.0
18034,88.0,88.0,18,Level_I,2025-10-22T15:35:50.953079,0.0
18304,-3.125,-3.125,8,Level_II,2025-10-22T15:35:50.953095,0.0
18305,-3.125,-3.125,0,Level_III,2025-10-22T15:35:50.953111,0.0
18342,-3.125,-3.125,18,Level_I,2025-10-22T15:35:50.953126,0.0
18382,-2.34375,-2.34375,8,Level_II,2025-10-22T15:35:50.953141,0.0
18466,-1.5625,-1.5625,0,Level_III,2025-10-22T15:35:50.953157,0.0
18488,-1.5625,-1.5625,18,Level_I,2025-10-22T15:35:50.953172,0.0
18502,-1.5625,-1.5625,8,Level_II,2025-10-22T15:35:50.953187,0.0
18553,-1.5625,-1.5625,0,Level_III,2025-10-22T15:35:50.953203,0.0
18573,-1.5625,-1.5625,18,Level_I,2025-10-22T15:35:50.953218,0.0
18598,-5.46875,-5.46875,8,Level_II,2025-10-22T15:35:50.953234,0.0
18652,-3.125,-3.125,0,Level_III,2025-10-22T15:35:50.953249,0.0
18726,-2.34375,-2.34375,18,Level_I,2025-10-22T15:35:50.953265,0.0
18763,-1.5625,-1.5625,8,Level_II,2025-10-22T15:35:50.953280,0.0
18769,-3.125,-3.125,0,Level_III,2025-10-22T15:35:50.953296,0.0
18783,-2.34375,-2.34375,18,Level_I,2025-10-22T15:35:50.953311,0.0
18820,-3.125,-3.125,8,Level_II,2025-10-22T15:35:50.953327,0.0
18911,-3.125,-3.125,0,Level_III,2025-10-22T15:35:50.953343,0.0
18967,-3.125,-3.125,18,Level_I,2025-10-22T15:35:50.953358,0.0
19013,-2.34375,-2.34375,8,Level_II,2025-10-22T15:35:50.953374,0.0
19066,-3.125,-3.125,0,Level_III,2025-10-22T15:35:50.953391,0.0
19193,-3.125,-3.125,18,Level_I,2025-10-22T15:35:50.953407,0.0
19218,-2.34375,-2.34375,8,Level_II,2025-10-22T15:35:50.953422,0.0
19236,-3.125,-3.125,0,Level_III,2025-10-22T15:35:50.953438,0.0
19368,-3.125,-3.125,18,Level_I,2025-10-22T15:35:50.953453,0.0
19387,-3.125,-3.125,8,Level_II,2025-10-22T15:35:50.953468,0.0
19468,-3.125,-3.125,0,Level_III,2025-10-22T15:35:50.953599,0.0
19524,-3.125,-3.125,18,Level_I,2025-10-22T15:35:50.953625,0.0
19649,-3.125,-3.125,8,Level_II,2025-10-22T15:35:50.953642,0.0
19660,-3.125,-3.125,0,Level_III,2025-10-22T15:35:50.953658,0.0
19695,-3.125,-3.125,18,Level_I,2025-10-22T15:35:50.953674,0.0
19714,-3.125,-3.125,8,Level_II,2025-10-22T15:35:50.953690,0.0
19730,-3.125,-3.125,0,Level_III,2025-10-22T15:35:50.953706,0.0
19811,-3.125,-3.125,18,Level_I,2025-10-22T15:35:50.953722,0.0
19815,-2.34375,-2.34375,8,Level_II,2025-10-22T15:35:50.953738,0.0
20041,-3.125,-3.125,0,Level_III,2025-10-22T15:35:50.953753,0.0
20075,-3.125,-3.125,18,Level_I,2025-10-22T15:35:50.953769,0.0
20123,-3.125,-3.125,8,Level_II,2025-10-22T15:35:50.953785,0.0
20142,-2.34375,-2.34375,0,Level_III,2025-10-22T15:35:50.953800,0.0
20208,-3.125,-3.125,18,Level_I,2025-10-22T15:35:50.953816,0.0
20255,-5.46875,-5.46875,8,Level_II,2025-10-22T15:35:50.953832,0.0
20286,-2.34375,-2.34375,0,Level_III,2025-10-22T15:35:50.953872,0.0
20338,-3.125,-3.125,18,Level_I,2025-10-22T15:35:50.953925,0.0
20340,-3.125,-3.125,8,Level_II,2025-10-22T15:35:50.953973,0.0
20421,-3.125,-3.125,0,Level_III,2025-10-22T15:35:50.953992,0.0
20492,-5.46875,-5.46875,18,Level_I,2025-10-22T15:35:50.954009,0.0
20503,-5.46875,-5.46875,8,Level_II,2025-10-22T15:35:50.954026,0.0
20548,-3.125,-3.125,0,Level_III,2025-10-22T15:35:50.954043,0.0
20638,-1.5625,-1.5625,18,Level_I,2025-10-22T15:35:50.954059,0.0
20713,-3.125,-3.125,8,Level_II,2025-10-22T15:35:50.954076,0.0
20718,-3.125,-3.125,0,Level_III,2025-10-22T15:35:50.954092,0.0
20747,-5.46875,-5.46875,18,Level_I,2025-10-22T15:35:50.954108,0.0
20780,-2.34375,-2.34375,8,Level_II,2025-10-22T15:35:50.954124,0.0
20795,-2.34375,-2.34375,0,Level_III,2025-10-22T15:35:50.954140,0.0
21081,-2.34375,-2.34375,18,Level_I,2025-10-22T15:35:50.954159,0.0
21109,0.0,0.0,8,Level_II,2025-10-22T15:35:50.954175,0.0
21145,-3.125,-3.125,0,Level_III,2025-10-22T15:35:50.954191,0.0
21238,-3.125,-3.125,18,Level_I,2025-10-22T15:35:50.954207,0.0
21268,-3.125,-3.125,8,Level_II,2025-10-22T15:35:50.954222,0.0
21333,-3.125,-3.125,0,Level_III,2025-10-22T15:35:50.954241,0.0
21336,-3.125,-3.125,18,Level_I,2025-10-22T15:35:50.954257,0.0
21347,-3.125,-3.125,8,Level_II,2025-10-22T15:35:50.954273,0.0
21361,2.34375,2.34375,0,Level_III,2025-10-22T15:35:50.954317,0.0
21372,2.34375,2.34375,18,Level_I,2025-10-22T15:35:50.954334,0.0
21396,0.0,0.0,8,Level_II,2025-10-22T15:35:50.954351,0.0
21412,0.78125,0.78125,0,Level_III,2025-10-22T15:35:50.954366,0.0
21562,2.34375,2.34375,18,Level_I,2025-10-22T15:35:50.954382,0.0
21659,2.34375,2.34375,8,Level_II,2025-10-22T15:35:50.954398,0.0
21680,2.34375,2.34375,0,Level_III,2025-10-22T15:35:50.954413,0.0
21895,0.0,0.0,18,Level_I,2025-10-22T15:35:50.954429,0.0
21900,-4.6875,-4.6875,8,Level_II,2025-10-22T15:35:50.954445,0.0
21940,0.0,0.0,0,Level_III,2025-10-22T15:35:50.954460,0.0
21974,0.0,0.0,18,Level_I,2025-10-22T15:35:50.954476,0.0
22033,0.0,0.0,8,Level_II,2025-10-22T15:35:50.954492,0.0
22171,-4.6875,-4.6875,0,Level_III,2025-10-22T15:35:50.954507,0.0
22273,-0.78125,-0.78125,18,Level_I,2025-10-22T15:35:50.954523,0.0
22350,0.78125,0.78125,8,Level_II,2025-10-22T15:35:50.954538,0.0
22423,0.78125,0.78125,0,Level_III,2025-10-22T15:35:50.954553,0.0
22556,-2.34375,-2.34375,18,Level_I,2025-10-22T15:35:50.954569,0.0
22602,0.78125,0.78125,8,Level_II,2025-10-22T15:35:50.954584,0.0
22637,2.34375,2.34375,0,Level_III,2025-10-22T15:35:50.954600,0.0
22776,-4.6875,-4.6875,18,Level_I,2025-10-22T15:35:50.954615,0.0
22876,-0.78125,-0.78125,8,Level_II,2025-10-22T15:35:50.954631,0.0
22941,-0.78125,-0.78125,0,Level_III,2025-10-22T15:35:50.954647,0.0
23191,-0.78125,-0.78125,18,Level_I,2025-10-22T15:35:50.954663,0.0
23209,-1.5625,-1.5625,8,Level_II,2025-10-22T15:35:50.954678,0.0
23628,0.78125,0.78125,0,Level_III,2025-10-22T15:35:50.954694,0.0
23738,0.78125,0.78125,18,Level_I,2025-10-22T15:35:50.954710,0.0
23742,0.78125,0.78125,8,Level_II,2025-10-22T15:35:50.954725,0.0
23787,0.78125,0.78125,0,Level_III,2025-10-22T15:35:50.954741,0.0
23839,0.78125,0.78125,18,Level_I,2025-10-22T15:35:50.954757,0.0
23921,0.78125,0.78125,8,Level_II,2025-10-22T15:35:50.954772,0.0
24033,3.125,3.125,0,Level_III,2025-10-22T15:35:50.954788,0.0
24034,3.125,3.125,18,Level_I,2025-10-22T15:35:50.954804,0.0
24065,2.34375,2.34375,8,Level_II,2025-10-22T15:35:50.954819,0.0
24153,2.34375,2.34375,0,Level_III,2025-10-22T15:35:50.954835,0.0
24292,0.0,0.0,18,Level_I,2025-10-22T15:35:50.954850,0.0
24333,-2.34375,-2.34375,8,Level_II,2025-10-22T15:35:50.954866,0.0
24372,-0.78125,-0.78125,0,Level_III,2025-10-22T15:35:50.954881,0.0
24439,-0.78125,-0.78125,18,Level_I,2025-10-22T15:35:50.954897,0.0
24521,3.125,3.125,8,Level_II,2025-10-22T15:35:50.954912,0.0
24528,2.34375,2.34375,0,Level_III,2025-10-22T15:35:50.954928,0.0
24693,1.5625,1.5625,18,Level_I,2025-10-22T15:35:50.954943,0.0
24764,1.5625,1.5625,8,Level_II,2025-10-22T15:35:50.954959,0.0
24924,2.34375,2.34375,0,Level_III,2025-10-22T15:35:50.954974,0.0
24973,0.78125,0.78125,18,Level_I,2025-10-22T15:35:50.954990,0.0
25285,-0.78125,-0.78125,8,Level_II,2025-10-22T15:35:50.955005,0.0
25349,-0.78125,-0.78125,0,Level_III,2025-10-22T15:35:50.955021,0.0
25364,-0.78125,-0.78125,18,Level_I,2025-10-22T15:35:50.955036,0.0
25371,-0.78125,-0.78125,8,Level_II,2025-10-22T15:35:50.955051,0.0
25449,-0.78125,-0.78125,0,Level_III,2025-10-22T15:35:50.955067,0.0
25576,0.78125,0.78125,18,Level_I,2025-10-22T15:35:50.955083,0.0
25593,2.34375,2.34375,8,Level_II,2025-10-22T15:35:50.955098,0.0
25655,-0.78125,-0.78125,0,Level_III,2025-10-22T15:35:50.955114,0.0
25713,-0.78125,-0.78125,18,Level_I,2025-10-22T15:35:50.955129,0.0
25716,-0.78125,-0.78125,8,Level_II,2025-10-22T15:35:50.955155,0.0
25884,-0.78125,-0.78125,0,Level_III,2025-10-22T15:35:50.955171,0.0
25925,2.34375,2.34375,18,Level_I,2025-10-22T15:35:50.955187,0.0
25928,2.34375,2.34375,8,Level_II,2025-10-22T15:35:50.955203,0.0
26144,-0.78125,-0.78125,0,Level_III,2025-10-22T15:35:50.955218,0.0
26198,-0.78125,-0.78125,18,Level_I,2025-10-22T15:35:50.955234,0.0
26233,0.78125,0.78125,8,Level_II,2025-10-22T15:35:50.955249,0.0
26257,0.0,0.0,0,Level_III,2025-10-22T15:35:50.955264,0.0
26266,0.0,0.0,18,Level_I,2025-10-22T15:35:50.955280,0.0
26268,0.0,0.0,8,Level_II,2025-10-22T15:35:50.955295,0.0
26668,2.34375,2.34375,0,Level_III,2025-10-22T15:35:50.955310,0.0
26689,1.5625,1.5625,18,Level_I,2025-10-22T15:35:50.955326,0.0
26846,-4.6875,-4.6875,8,Level_II,2025-10-22T15:35:50.955341,0.0
26874,2.34375,2.34375,0,Level_III,2025-10-22T15:35:50.955356,0.0
26939,2.34375,2.34375,18,Level_I,2025-10-22T15:35:50.955372,0.0
26978,-1.5625,-1.5625,8,Level_II,2025-10-22T15:35:50.955387,0.0
27010,2.34375,2.34375,0,Level_III,2025-10-22T15:35:50.955403,0.0
27012,2.34375,2.34375,18,Level_I,2025-10-22T15:35:50.955418,0.0
27059,2.34375,2.34375,8,Level_II,2025-10-22T15:35:50.955433,0.0
27242,2.34375,2.34375,0,Level_III,2025-10-22T15:35:50.955450,0.0
27439,2.34375,2.34375,18,Level_I,2025-10-22T15:35:50.955466,0.0
27627,3.90625,3.90625,8,Level_II,2025-10-22T15:35:50.955481,0.0
27636,3.90625,3.90625,0,Level_III,2025-10-22T15:35:50.955496,0.0
27695,-3.90625,-3.90625,18,Level_I,2025-10-22T15:35:50.955512,0.0
27705,2.34375,2.34375,8,Level_II,2025-10-22T15:35:50.955527,0.0
27754,1.5625,1.5625,0,Level_III,2025-10-22T15:35:50.955542,0.0
27824,3.90625,3.90625,18,Level_I,2025-10-22T15:35:50.955558,0.0
27880,-1.5625,-1.5625,8,Level_II,2025-10-22T15:35:50.955573,0.0
27907,-1.5625,-1.5625,0,Level_III,2025-10-22T15:35:50.955588,0.0
27954,-1.5625,-1.5625,18,Level_I,2025-10-22T15:35:50.955603,0.0
28033,-1.5625,-1.5625,8,Level_II,2025-10-22T15:35:50.955619,0.0
28040,-0.78125,-0.78125,0,Level_III,2025-10-22T15:35:50.955634,0.0
28286,2.34375,2.34375,18,Level_I,2025-10-22T15:35:50.955649,0.0
28437,-1.5625,-1.5625,8,Level_II,2025-10-22T15:35:50.955665,0.0
28461,3.90625,3.90625,0,Level_III,2025-10-22T15:35:50.955680,0.0
28510,-0.78125,-0.78125,18,Level_I,2025-10-22T15:35:50.955695,0.0
28663,3.90625,3.90625,8,Level_II,2025-10-22T15:35:50.955710,0.0
28711,3.90625,3.90625,0,Level_III,2025-10-22T15:35:50.955726,0.0
28763,3.90625,3.90625,18,Level_I,2025-10-22T15:35:50.955741,0.0
28826,2.34375,2.34375,8,Level_II,2025-10-22T15:35:50.955756,0.0
28872,-1.5625,-1.5625,0,Level_III,2025-10-22T15:35:50.955772,0.0
28907,-1.5625,-1.5625,18,Level_I,2025-10-22T15:35:50.955787,0.0
29013,-0.78125,-0.78125,8,Level_II,2025-10-22T15:35:50.955803,0.0
29099,0.0,0.0,0,Level_III,2025-10-22T15:35:50.955818,0.0
29100,0.0,0.0,18,Level_I,2025-10-22T15:35:50.955833,0.0
29177,0.0,0.0,8,Level_II,2025-10-22T15:35:50.955849,0.0
29349,0.0,0.0,0,Level_III,2025-10-22T15:35:50.955864,0.0
29411,0.0,0.0,18,Level_I,2025-10-22T15:35:50.955880,0.0
29452,0.0,0.0,8,Level_II,2025-10-22T15:35:50.955895,0.0
29747,0.0,0.0,0,Level_III,2025-10-22T15:35:50.955911,0.0
29887,0.78125,0.78125,18,Level_I,2025-10-22T15:35:50.955926,0.0
29900,0.78125,0.78125,8,Level_II,2025-10-22T15:35:50.955941,0.0
29929,0.0,0.0,0,Level_III,2025-10-22T15:35:50.955957,0.0
29944,1.5625,1.5625,18,Level_I,2025-10-22T15:35:50.955972,0.0
29957,0.78125,0.78125,8,Level_II,2025-10-22T15:35:50.955988,0.0
30038,0.0,0.0,0,Level_III,2025-10-22T15:35:50.956003,0.0
30081,0.0,0.0,18,Level_I,2025-10-22T15:35:50.956018,0.0
30149,0.0,0.0,8,Level_II,2025-10-22T15:35:50.956034,0.0
30163,-3.90625,-3.90625,0,Level_III,2025-10-22T15:35:50.956049,0.0
30244,0.0,0.0,18,Level_I,2025-10-22T15:35:50.956064,0.0
30248,0.0,0.0,8,Level_II,2025-10-22T15:35:50.956080,0.0
30338,0.0,0.0,0,Level_III,2025-10-22T15:35:50.956095,0.0
30376,0.0,0.0,18,Level_I,2025-10-22T15:35:50.956110,0.0
30439,-0.78125,-0.78125,8,Level_II,2025-10-22T15:35:50.956126,0.0
30446,-0.78125,-0.78125,0,Level_III,2025-10-22T15:35:50.956141,0.0
30449,-0.78125,-0.78125,18,Level_I,2025-10-22T15:35:50.956156,0.0
30468,0.0,0.0,8,Level_II,2025-10-22T15:35:50.956174,0.0
30526,0.0,0.0,0,Level_III,2025-10-22T15:35:50.956189,0.0
30556,-3.125,-3.125,18,Level_I,2025-10-22T15:35:50.956205,0.0
30570,0.0,0.0,8,Level_II,2025-10-22T15:35:50.956220,0.0
30617,0.0,0.0,0,Level_III,2025-10-22T15:35:50.956236,0.0
30718,-3.90625,-3.90625,18,Level_I,2025-10-22T15:35:50.956252,0.0
30826,-0.78125,-0.78125,8,Level_II,2025-10-22T15:35:50.956267,0.0
30948,0.0,0.0,0,Level_III,2025-10-22T15:35:50.956282,0.0
30972,0.0,0.0,18,Level_I,2025-10-22T15:35:50.956298,0.0
31118,0.0,0.0,8,Level_II,2025-10-22T15:35:50.956314,0.0
31134,0.0,0.0,0,Level_III,2025-10-22T15:35:50.956329,0.0
31136,0.0,0.0,18,Level_I,2025-10-22T15:35:50.956345,0.0
31148,0.0,0.0,8,Level_II,2025-10-22T15:35:50.956360,0.0
31228,0.0,0.0,0,Level_III,2025-10-22T15:35:50.956376,0.0
31256,-3.90625,-3.90625,18,Level_I,2025-10-22T15:35:50.956391,0.0
31413,0.0,0.0,8,Level_II,2025-10-22T15:35:50.956407,0.0
31620,-0.78125,-0.78125,0,Level_III,2025-10-22T15:35:50.956422,0.0
31761,-0.78125,-0.78125,18,Level_I,2025-10-22T15:35:50.956438,0.0
31892,-1.5625,-1.5625,8,Level_II,2025-10-22T15:35:50.956453,0.0
32241,0.78125,0.78125,0,Level_III,2025-10-22T15:35:50.956469,0.0
32260,0.0,0.0,18,Level_I,2025-10-22T15:35:50.956484,0.0
32301,2.34375,2.34375,8,Level_II,2025-10-22T15:35:50.956499,0.0
32306,0.78125,0.78125,0,Level_III,2025-10-22T15:35:50.956514,0.0
32429,0.0,0.0,18,Level_I,2025-10-22T15:35:50.956530,0.0
32459,0.78125,0.78125,8,Level_II,2025-10-22T15:35:50.956545,0.0
32464,-1.5625,-1.5625,0,Level_III,2025-10-22T15:35:50.956560,0.0
32713,0.0,0.0,18,Level_I,2025-10-22T15:35:50.956576,0.0
32717,0.0,0.0,8,Level_II,2025-10-22T15:35:50.956591,0.0
32945,0.0,0.0,0,Level_III,2025-10-22T15:35:50.956606,0.0
32971,0.0,0.0,18,Level_I,2025-10-22T15:35:50.956621,0.0
33026,0.0,0.0,8,Level_II,2025-10-22T15:35:50.956637,0.0
33035,0.78125,0.78125,0,Level_III,2025-10-22T15:35:50.956652,0.0
33173,0.0,0.0,18,Level_I,2025-10-22T15:35:50.956667,0.0
33247,-1.5625,-1.5625,8,Level_II,2025-10-22T15:35:50.956682,0.0
33273,0.0,0.0,0,Level_III,2025-10-22T15:35:50.956698,0.0
33277,-3.90625,-3.90625,18,Level_I,2025-10-22T15:35:50.956713,0.0
33300,0.0,0.0,8,Level_II,2025-10-22T15:35:50.956729,0.0
33345,-3.90625,-3.90625,0,Level_III,2025-10-22T15:35:50.956744,0.0
33415,2.34375,2.34375,18,Level_I,2025-10-22T15:35:50.956760,0.0
33437,0.0,0.0,8,Level_II,2025-10-22T15:35:50.956775,0.0
33493,1.5625,1.5625,0,Level_III,2025-10-22T15:35:50.956791,0.0
33534,0.0,0.0,18,Level_I,2025-10-22T15:35:50.956806,0.0
33558,0.0,0.0,8,Level_II,2025-10-22T15:35:50.956821,0.0
33566,-0.78125,-0.78125,0,Level_III,2025-10-22T15:35:50.956837,0.0
33599,0.0,0.0,18,Level_I,2025-10-22T15:35:50.956852,0.0
33658,0.0,0.0,8,Level_II,2025-10-22T15:35:50.956867,0.0
33995,0.0,0.0,0,Level_III,2025-10-22T15:35:50.956882,0.0
34200,-1.5625,-1.5625,18,Level_I,2025-10-22T15:35:50.956898,0.0
34242,-1.5625,-1.5625,8,Level_II,2025-10-22T15:35:50.956913,0.0
34309,0.0,0.0,0,Level_III,2025-10-22T15:35:50.956928,0.0
34424,0.0,0.0,18,Level_I,2025-10-22T15:35:50.956943,0.0
34471,0.0,0.0,8,Level_II,2025-10-22T15:35:50.956959,0.0
34506,3.125,3.125,0,Level_III,2025-10-22T15:35:50.956974,0.0
34522,3.125,3.125,18,Level_I,2025-10-22T15:35:50.956990,0.0
34631,-2.34375,-2.34375,8,Level_II,2025-10-22T15:35:50.957005,0.0
34673,-0.78125,-0.78125,0,Level_III,2025-10-22T15:35:50.957020,0.0
34719,2.34375,2.34375,18,Level_I,2025-10-22T15:35:50.957036,0.0
35040,3.125,3.125,8,Level_II,2025-10-22T15:35:50.957051,0.0
35080,1.5625,1.5625,0,Level_III,2025-10-22T15:35:50.957067,0.0
35121,-0.78125,-0.78125,18,Level_I,2025-10-22T15:35:50.957082,0.0
35239,-0.78125,-0.78125,8,Level_II,2025-10-22T15:35:50.957098,0.0
35275,3.125,3.125,0,Level_III,2025-10-22T15:35:50.957113,0.0
35381,-0.78125,-0.78125,18,Level_I,2025-10-22T15:35:50.957129,0.0
35441,-0.78125,-0.78125,8,Level_II,2025-10-22T15:35:50.957144,0.0
35567,0.78125,0.78125,0,Level_III,2025-10-22T15:35:50.957159,0.0
35612,-2.34375,-2.34375,18,Level_I,2025-10-22T15:35:50.957175,0.0
35695,-0.78125,-0.78125,8,Level_II,2025-10-22T15:35:50.957190,0.0
35718,3.125,3.125,0,Level_III,2025-10-22T15:35:50.957205,0.0
35728,0.78125,0.78125,18,Level_I,2025-10-22T15:35:50.957221,0.0
36178,2.34375,2.34375,8,Level_II,2025-10-22T15:35:50.957236,0.0
36200,0.78125,0.78125,0,Level_III,2025-10-22T15:35:50.957251,0.0
36262,-0.78125,-0.78125,18,Level_I,2025-10-22T15:35:50.957267,0.0
36297,-1.5625,-1.5625,8,Level_II,2025-10-22T15:35:50.957283,0.0
36309,-0.78125,-0.78125,0,Level_III,2025-10-22T15:35:50.957300,0.0
36349,0.0,0.0,18,Level_I,2025-10-22T15:35:50.957316,0.0
36615,0.0,0.0,8,Level_II,2025-10-22T15:35:50.957331,0.0
36864,-0.78125,-0.78125,0,Level_III,2025-10-22T15:35:50.957347,0.0
36875,-3.125,-3.125,18,Level_I,2025-10-22T15:35:50.957363,0.0
36916,3.125,3.125,8,Level_II,2025-10-22T15:35:50.957378,0.0
37106,-0.78125,-0.78125,0,Level_III,2025-10-22T15:35:50.957393,0.0
37128,0.0,0.0,18,Level_I,2025-10-22T15:35:50.957409,0.0
37147,-0.78125,-0.78125,8,Level_II,2025-10-22T15:35:50.957425,0.0
37164,-3.125,-3.125,0,Level_III,2025-10-22T15:35:50.957440,0.0
37176,-2.34375,-2.34375,18,Level_I,2025-10-22T15:35:50.957455,0.0
37368,-2.34375,-2.34375,8,Level_II,2025-10-22T15:35:50.957471,0.0
37518,-3.125,-3.125,0,Level_III,2025-10-22T15:35:50.957486,0.0
37662,-0.78125,-0.78125,18,Level_I,2025-10-22T15:35:50.957502,0.0
37688,1.5625,1.5625,8,Level_II,2025-10-22T15:35:50.957517,0.0
37959,-1.5625,-1.5625,0,Level_III,2025-10-22T15:35:50.957532,0.0
38064,-3.125,-3.125,18,Level_I,2025-10-22T15:35:50.957548,0.0
38113,-1.5625,-1.5625,8,Level_II,2025-10-22T15:35:50.957563,0.0
38252,-0.78125,-0.78125,0,Level_III,2025-10-22T15:35:50.957579,0.0
38326,-0.78125,-0.78125,18,Level_I,2025-10-22T15:35:50.957594,0.0
38380,-2.34375,-2.34375,8,Level_II,2025-10-22T15:35:50.957610,0.0
38421,-1.5625,-1.5625,0,Level_III,2025-10-22T15:35:50.957625,0.0
38422,-1.5625,-1.5625,18,Level_I,2025-10-22T15:35:50.957640,0.0
38425,-1.5625,-1.5625,8,Level_II,2025-10-22T15:35:50.957656,0.0
38480,-3.125,-3.125,0,Level_III,2025-10-22T15:35:50.957671,0.0
38540,0.0,0.0,18,Level_I,2025-10-22T15:35:50.957687,0.0
38666,-3.125,-3.125,8,Level_II,2025-10-22T15:35:50.957702,0.0
38717,-2.34375,-2.34375,0,Level_III,2025-10-22T15:35:50.957717,0.0
38754,-3.90625,-3.90625,18,Level_I,2025-10-22T15:35:50.957733,0.0
38789,-3.125,-3.125,8,Level_II,2025-10-22T15:35:50.957748,0.0
38812,-0.78125,-0.78125,0,Level_III,2025-10-22T15:35:50.957764,0.0
38880,-2.34375,-2.34375,18,Level_I,2025-10-22T15:35:50.957779,0.0
38896,-3.125,-3.125,8,Level_II,2025-10-22T15:35:50.957794,0.0
38947,-3.90625,-3.90625,0,Level_III,2025-10-22T15:35:50.957810,0.0
38989,-1.5625,-1.5625,18,Level_I,2025-10-22T15:35:50.957825,0.0
39362,0.0,0.0,8,Level_II,2025-10-22T15:35:50.957841,0.0
39476,-0.78125,-0.78125,0,Level_III,2025-10-22T15:35:50.957856,0.0
39625,2.34375,2.34375,18,Level_I,2025-10-22T15:35:50.957872,0.0
39877,-4.6875,-4.6875,8,Level_II,2025-10-22T15:35:50.957887,0.0
39920,-4.6875,-4.6875,0,Level_III,2025-10-22T15:35:50.957902,0.0
39972,-0.78125,-0.78125,18,Level_I,2025-10-22T15:35:50.957918,0.0
40061,2.34375,2.34375,8,Level_II,2025-10-22T15:35:50.957933,0.0
40140,-1.5625,-1.5625,0,Level_III,2025-10-22T15:35:50.957948,0.0
40291,0.78125,0.78125,18,Level_I,2025-10-22T15:35:50.957963,0.0
40396,1.5625,1.5625,8,Level_II,2025-10-22T15:35:50.957979,0.0
40492,2.34375,2.34375,0,Level_III,2025-10-22T15:35:50.957994,0.0
40538,-1.5625,-1.5625,18,Level_I,2025-10-22T15:35:50.958009,0.0
40554,-0.78125,-0.78125,8,Level_II,2025-10-22T15:35:50.958025,0.0
40765,-1.5625,-1.5625,0,Level_III,2025-10-22T15:35:50.958040,0.0
40776,2.34375,2.34375,18,Level_I,2025-10-22T15:35:50.958055,0.0
40807,1.5625,1.5625,8,Level_II,2025-10-22T15:35:50.958071,0.0
40977,-0.78125,-0.78125,0,Level_III,2025-10-22T15:35:50.958086,0.0
41008,2.34375,2.34375,18,Level_I,2025-10-22T15:35:50.958101,0.0
41130,-1.5625,-1.5625,8,Level_II,2025-10-22T15:35:50.958117,0.0
41155,-0.78125,-0.78125,0,Level_III,2025-10-22T15:35:50.958132,0.0
41231,-1.5625,-1.5625,18,Level_I,2025-10-22T15:35:50.958147,0.0
41343,-1.5625,-1.5625,8,Level_II,2025-10-22T15:35:50.958162,0.0
41390,2.34375,2.34375,0,Level_III,2025-10-22T15:35:50.958177,0.0
41619,-3.90625,-3.90625,18,Level_I,2025-10-22T15:35:50.958193,0.0
41620,0.0,0.0,8,Level_II,2025-10-22T15:35:50.958208,0.0
41673,-1.5625,-1.5625,0,Level_III,2025-10-22T15:35:50.958224,0.0
41824,2.34375,2.34375,18,Level_I,2025-10-22T15:35:50.958239,0.0
41865,-4.6875,-4.6875,8,Level_II,2025-10-22T15:35:50.958254,0.0
41927,-1.5625,-1.5625,0,Level_III,2025-10-22T15:35:50.958270,0.0
41935,-1.5625,-1.5625,18,Level_I,2025-10-22T15:35:50.958285,0.0
41943,-1.5625,-1.5625,8,Level_II,2025-10-22T15:35:50.958301,0.0
41958,1.5625,1.5625,0,Level_III,2025-10-22T15:35:50.958316,0.0
42066,-3.125,-3.125,18,Level_I,2025-10-22T15:35:50.958331,0.0
42193,-1.5625,-1.5625,8,Level_II,2025-10-22T15:35:50.958347,0.0
42232,-0.78125,-0.78125,0,Level_III,2025-10-22T15:35:50.958362,0.0
42275,-0.78125,-0.78125,18,Level_I,2025-10-22T15:35:50.958377,0.0
42667,1.5625,1.5625,8,Level_II,2025-10-22T15:35:50.958393,0.0
42760,1.5625,1.5625,0,Level_III,2025-10-22T15:35:50.958408,0.0
42868,-5.46875,-5.46875,18,Level_I,2025-10-22T15:35:50.958424,0.0
42894,1.5625,1.5625,8,Level_II,2025-10-22T15:35:50.958439,0.0
43033,1.5625,1.5625,0,Level_III,2025-10-22T15:35:50.958455,0.0
43047,-1.5625,-1.5625,18,Level_I,2025-10-22T15:35:50.958471,0.0
43114,-0.78125,-0.78125,8,Level_II,2025-10-22T15:35:50.958486,0.0
43251,1.5625,1.5625,0,Level_III,2025-10-22T15:35:50.958501,0.0
43685,0.0,0.0,18,Level_I,2025-10-22T15:35:50.958517,0.0
43706,-5.46875,-5.46875,8,Level_II,2025-10-22T15:35:50.958533,0.0
43760,-0.78125,-0.78125,0,Level_III,2025-10-22T15:35:50.958548,0.0
43778,-3.90625,-3.90625,18,Level_I,2025-10-22T15:35:50.958563,0.0
43788,0.0,0.0,8,Level_II,2025-10-22T15:35:50.958578,0.0
43897,-5.46875,-5.46875,0,Level_III,2025-10-22T15:35:50.958594,0.0
43899,-5.46875,-5.46875,18,Level_I,2025-10-22T15:35:50.958609,0.0
43911,3.125,3.125,8,Level_II,2025-10-22T15:35:50.958624,0.0
43914,-0.78125,-0.78125,0,Level_III,2025-10-22T15:35:50.958639,0.0
43962,-0.78125,-0.78125,18,Level_I,2025-10-22T15:35:50.958655,0.0
43963,-0.78125,-0.78125,8,Level_II,2025-10-22T15:35:50.958670,0.0
44021,-0.78125,-0.78125,0,Level_III,2025-10-22T15:35:50.958685,0.0
44029,-0.78125,-0.78125,18,Level_I,2025-10-22T15:35:50.958700,0.0
44038,-0.78125,-0.78125,8,Level_II,2025-10-22T15:35:50.958715,0.0
44051,0.0,0.0,0,Level_III,2025-10-22T15:35:50.958731,0.0
44102,-0.78125,-0.78125,18,Level_I,2025-10-22T15:35:50.958746,0.0
44242,-0.78125,-0.78125,8,Level_II,2025-10-22T15:35:50.958761,0.0
44448,-0.78125,-0.78125,0,Level_III,2025-10-22T15:35:50.958777,0.0
44452,-0.78125,-0.78125,18,Level_I,2025-10-22T15:35:50.958792,0.0
44465,-0.78125,-0.78125,8,Level_II,2025-10-22T15:35:50.958807,0.0
44507,-5.46875,-5.46875,0,Level_III,2025-10-22T15:35:50.958823,0.0
44790,-0.78125,-0.78125,18,Level_I,2025-10-22T15:35:50.958838,0.0
44829,-0.78125,-0.78125,8,Level_II,2025-10-22T15:35:50.958853,0.0
44875,-5.46875,-5.46875,0,Level_III,2025-10-22T15:35:50.958869,0.0
44877,-5.46875,-5.46875,18,Level_I,2025-10-22T15:35:50.958884,0.0
44920,0.0,0.0,8,Level_II,2025-10-22T15:35:50.958899,0.0
44988,-0.78125,-0.78125,0,Level_III,2025-10-22T15:35:50.958915,0.0
45024,-5.46875,-5.46875,18,Level_I,2025-10-22T15:35:50.958930,0.0
45034,-5.46875,-5.46875,8,Level_II,2025-10-22T15:35:50.958945,0.0
45055,-5.46875,-5.46875,0,Level_III,2025-10-22T15:35:50.958961,0.0
45202,-5.46875,-5.46875,18,Level_I,2025-10-22T15:35:50.958976,0.0
45223,-0.78125,-0.78125,8,Level_II,2025-10-22T15:35:50.958991,0.0
45338,-0.78125,-0.78125,0,Level_III,2025-10-22T15:35:50.959007,0.0
45375,-5.46875,-5.46875,18,Level_I,2025-10-22T15:35:50.959022,0.0
45411,-0.78125,-0.78125,8,Level_II,2025-10-22T15:35:50.959037,0.0
45432,-0.78125,-0.78125,0,Level_III,2025-10-22T15:35:50.959053,0.0
45457,0.78125,0.78125,18,Level_I,2025-10-22T15:35:50.959068,0.0
45524,-0.78125,-0.78125,8,Level_II,2025-10-22T15:35:50.959084,0.0
45556,-0.78125,-0.78125,0,Level_III,2025-10-22T15:35:50.959099,0.0
45738,-0.78125,-0.78125,18,Level_I,2025-10-22T15:35:50.959114,0.0
45936,-3.90625,-3.90625,8,Level_II,2025-10-22T15:35:50.959130,0.0
45956,1.5625,1.5625,0,Level_III,2025-10-22T15:35:50.959145,0.0
46068,2.34375,2.34375,18,Level_I,2025-10-22T15:35:50.959160,0.0
46203,0.78125,0.78125,8,Level_II,2025-10-22T15:35:50.959176,0.0
46247,2.34375,2.34375,0,Level_III,2025-10-22T15:35:50.959191,0.0
46293,2.34375,2.34375,18,Level_I,2025-10-22T15:35:50.959207,0.0
46447,0.0,0.0,8,Level_II,2025-10-22T15:35:50.959222,0.0
46456,0.0,0.0,0,Level_III,2025-10-22T15:35:50.959237,0.0
46475,2.34375,2.34375,18,Level_I,2025-10-22T15:35:50.959252,0.0
46557,0.0,0.0,8,Level_II,2025-10-22T15:35:50.959268,0.0
46558,0.0,0.0,0,Level_III,2025-10-22T15:35:50.959283,0.0
46608,0.78125,0.78125,18,Level_I,2025-10-22T15:35:50.959299,0.0
46727,0.78125,0.78125,8,Level_II,2025-10-22T15:35:50.959314,0.0
46750,0.78125,0.78125,0,Level_III,2025-10-22T15:35:50.959329,0.0
46822,0.78125,0.78125,18,Level_I,2025-10-22T15:35:50.959345,0.0
46834,1.5625,1.5625,8,Level_II,2025-10-22T15:35:50.959360,0.0
46873,0.78125,0.78125,0,Level_III,2025-10-22T15:35:50.959376,0.0
46928,-0.78125,-0.78125,18,Level_I,2025-10-22T15:35:50.959391,0.0
47050,0.78125,0.78125,8,Level_II,2025-10-22T15:35:50.959406,0.0
47196,-0.78125,-0.78125,0,Level_III,2025-10-22T15:35:50.959422,0.0
47235,0.78125,0.78125,18,Level_I,2025-10-22T15:35:50.959437,0.0
47240,0.78125,0.78125,8,Level_II,2025-10-22T15:35:50.959453,0.0
47426,1.5625,1.5625,0,Level_III,2025-10-22T15:35:50.959468,0.0
47473,2.34375,2.34375,18,Level_I,2025-10-22T15:35:50.959483,0.0
47725,1.5625,1.5625,8,Level_II,2025-10-22T15:35:50.959499,0.0
47732,-0.78125,-0.78125,0,Level_III,2025-10-22T15:35:50.959514,0.0
47733,-0.78125,-0.78125,18,Level_I,2025-10-22T15:35:50.959530,0.0
47880,0.78125,0.78125,8,Level_II,2025-10-22T15:35:50.959545,0.0
47884,2.34375,2.34375,0,Level_III,2025-10-22T15:35:50.959560,0.0
47920,-1.5625,-1.5625,18,Level_I,2025-10-22T15:35:50.959576,0.0
48069,0.78125,0.78125,8,Level_II,2025-10-22T15:35:50.959592,0.0
48106,0.78125,0.78125,0,Level_III,2025-10-22T15:35:50.959607,0.0
48149,0.78125,0.78125,18,Level_I,2025-10-22T15:35:50.959623,0.0
48210,0.78125,0.78125,8,Level_II,2025-10-22T15:35:50.959639,0.0
48252,2.34375,2.34375,0,Level_III,2025-10-22T15:35:50.959654,0.0
48262,0.78125,0.78125,18,Level_I,2025-10-22T15:35:50.959670,0.0
48303,2.34375,2.34375,8,Level_II,2025-10-22T15:35:50.959685,0.0
48345,0.78125,0.78125,0,Level_III,2025-10-22T15:35:50.959701,0.0
48382,0.78125,0.78125,18,Level_I,2025-10-22T15:35:50.959716,0.0
48451,0.78125,0.78125,8,Level_II,2025-10-22T15:35:50.959732,0.0
48549,0.78125,0.78125,0,Level_III,2025-10-22T15:35:50.959747,0.0
48557,0.78125,0.78125,18,Level_I,2025-10-22T15:35:50.959763,0.0
48638,2.34375,2.34375,8,Level_II,2025-10-22T15:35:50.959778,0.0
48682,0.78125,0.78125,0,Level_III,2025-10-22T15:35:50.959794,0.0
48724,0.78125,0.78125,18,Level_I,2025-10-22T15:35:50.959809,0.0
48923,0.78125,0.78125,8,Level_II,2025-10-22T15:35:50.959824,0.0
48934,2.34375,2.34375,0,Level_III,2025-10-22T15:35:50.959840,0.0
49120,-1.5625,-1.5625,18,Level_I,2025-10-22T15:35:50.959855,0.0
49149,0.0,0.0,8,Level_II,2025-10-22T15:35:50.959871,0.0
49204,-1.5625,-1.5625,0,Level_III,2025-10-22T15:35:50.959886,0.0
49253,2.34375,2.34375,18,Level_I,2025-10-22T15:35:50.959902,0.0
49292,1.5625,1.5625,8,Level_II,2025-10-22T15:35:50.959917,0.0
49344,-1.5625,-1.5625,0,Level_III,2025-10-22T15:35:50.959932,0.0
49378,0.0,0.0,18,Level_I,2025-10-22T15:35:50.959947,0.0
49391,0.0,0.0,8,Level_II,2025-10-22T15:35:50.959963,0.0
49425,0.0,0.0,0,Level_III,2025-10-22T15:35:50.959978,0.0
49432,0.0,0.0,18,Level_I,2025-10-22T15:35:50.959994,0.0
49457,0.0,0.0,8,Level_II,2025-10-22T15:35:50.960010,0.0
49490,-2.34375,-2.34375,0,Level_III,2025-10-22T15:35:50.960025,0.0
49588,0.0,0.0,18,Level_I,2025-10-22T15:35:50.960041,0.0
49636,-3.90625,-3.90625,8,Level_II,2025-10-22T15:35:50.960057,0.0
49813,0.0,0.0,0,Level_III,2025-10-22T15:35:50.960072,0.0
49836,-2.34375,-2.34375,18,Level_I,2025-10-22T15:35:50.960097,0.0
49899,0.0,0.0,8,Level_II,2025-10-22T15:35:50.960118,0.0
49917,-1.5625,-1.5625,0,Level_III,2025-10-22T15:35:50.960135,0.0
50083,-0.78125,-0.78125,18,Level_I,2025-10-22T15:35:50.960151,0.0
50178,0.0,0.0,8,Level_II,2025-10-22T15:35:50.960167,0.0
50223,0.0,0.0,0,Level_III,2025-10-22T15:35:50.960182,0.0
50229,0.0,0.0,18,Level_I,2025-10-22T15:35:50.960198,0.0
50233,0.0,0.0,8,Level_II,2025-10-22T15:35:50.960213,0.0
50289,0.0,0.0,0,Level_III,2025-10-22T15:35:50.960229,0.0
50362,0.78125,0.78125,18,Level_I,2025-10-22T15:35:50.960244,0.0
50367,2.34375,2.34375,8,Level_II,2025-10-22T15:35:50.960260,0.0
50417,0.0,0.0,0,Level_III,2025-10-22T15:35:50.960276,0.0
50441,-2.34375,-2.34375,18,Level_I,2025-10-22T15:35:50.960291,0.0
50454,-0.78125,-0.78125,8,Level_II,2025-10-22T15:35:50.960307,0.0
50615,0.0,0.0,0,Level_III,2025-10-22T15:35:50.960322,0.0
50628,0.0,0.0,18,Level_I,2025-10-22T15:35:50.960338,0.0
50676,0.0,0.0,8,Level_II,2025-10-22T15:35:50.960353,0.0
50753,0.0,0.0,0,Level_III,2025-10-22T15:35:50.960369,0.0
50894,-1.5625,-1.5625,18,Level_I,2025-10-22T15:35:50.960385,0.0
50895,-1.5625,-1.5625,8,Level_II,2025-10-22T15:35:50.960400,0.0
51171,0.0,0.0,0,Level_III,2025-10-22T15:35:50.960416,0.0
51203,0.0,0.0,18,Level_I,2025-10-22T15:35:50.960431,0.0
51383,-0.78125,-0.78125,8,Level_II,2025-10-22T15:35:50.960447,0.0
51538,2.34375,2.34375,0,Level_III,2025-10-22T15:35:50.960462,0.0
51562,3.125,3.125,18,Level_I,2025-10-22T15:35:50.960478,0.0
51881,0.0,0.0,8,Level_II,2025-10-22T15:35:50.960494,0.0
51889,-2.34375,-2.34375,0,Level_III,2025-10-22T15:35:50.960510,0.0
51930,-0.78125,-0.78125,18,Level_I,2025-10-22T15:35:50.960525,0.0
51967,0.0,0.0,8,Level_II,2025-10-22T15:35:50.960541,0.0
52180,0.0,0.0,0,Level_III,2025-10-22T15:35:50.960557,0.0
52183,0.0,0.0,18,Level_I,2025-10-22T15:35:50.960779,0.0
52215,0.0,0.0,8,Level_II,2025-10-22T15:35:50.960795,0.0
52301,0.0,0.0,0,Level_III,2025-10-22T15:35:50.960811,0.0
52305,0.0,0.0,18,Level_I,2025-10-22T15:35:50.960827,0.0
52350,0.0,0.0,8,Level_II,2025-10-22T15:35:50.960843,0.0
52366,0.78125,0.78125,0,Level_III,2025-10-22T15:35:50.960858,0.0
52377,0.0,0.0,18,Level_I,2025-10-22T15:35:50.960874,0.0
52398,-3.90625,-3.90625,8,Level_II,2025-10-22T15:35:50.960889,0.0
52473,-0.78125,-0.78125,0,Level_III,2025-10-22T15:35:50.960905,0.0
52513,-0.78125,-0.78125,18,Level_I,2025-10-22T15:35:50.960921,0.0
52585,3.125,3.125,8,Level_II,2025-10-22T15:35:50.960936,0.0
52722,0.0,0.0,0,Level_III,2025-10-22T15:35:50.960951,0.0
52790,-1.5625,-1.5625,18,Level_I,2025-10-22T15:35:50.960967,0.0
52907,0.0,0.0,8,Level_II,2025-10-22T15:35:50.960982,0.0
52968,-0.78125,-0.78125,0,Level_III,2025-10-22T15:35:50.960998,0.0
53038,-0.78125,-0.78125,18,Level_I,2025-10-22T15:35:50.961014,0.0
53062,0.0,0.0,8,Level_II,2025-10-22T15:35:50.961029,0.0
53125,-0.78125,-0.78125,0,Level_III,2025-10-22T15:35:50.961044,0.0
53264,0.0,0.0,18,Level_I,2025-10-22T15:35:50.961060,0.0
53324,1.5625,1.5625,8,Level_II,2025-10-22T15:35:50.961075,0.0
53419,3.125,3.125,0,Level_III,2025-10-22T15:35:50.961091,0.0
53428,0.0,0.0,18,Level_I,2025-10-22T15:35:50.961106,0.0
53647,0.0,0.0,8,Level_II,2025-10-22T15:35:50.961122,0.0
53654,-0.78125,-0.78125,0,Level_III,2025-10-22T15:35:50.961137,0.0
53661,-0.78125,-0.78125,18,Level_I,2025-10-22T15:35:50.961152,0.0
53663,-0.78125,-0.78125,8,Level_II,2025-10-22T15:35:50.961168,0.0
53684,0.0,0.0,0,Level_III,2025-10-22T15:35:50.961183,0.0
53849,0.0,0.0,18,Level_I,2025-10-22T15:35:50.961199,0.0
53897,3.125,3.125,8,Level_II,2025-10-22T15:35:50.961214,0.0
54121,0.0,0.0,0,Level_III,2025-10-22T15:35:50.961230,0.0
54289,0.0,0.0,18,Level_I,2025-10-22T15:35:50.961246,0.0
54326,0.0,0.0,8,Level_II,2025-10-22T15:35:50.961261,0.0
54329,0.0,0.0,0,Level_III,2025-10-22T15:35:50.961276,0.0
54395,-1.5625,-1.5625,18,Level_I,2025-10-22T15:35:50.961292,0.0
54406,0.0,0.0,8,Level_II,2025-10-22T15:35:50.961307,0.0
54516,0.0,0.0,0,Level_III,2025-10-22T15:35:50.961323,0.0
54664,-0.78125,-0.78125,18,Level_I,2025-10-22T15:35:50.961338,0.0
54697,0.0,0.0,8,Level_II,2025-10-22T15:35:50.961354,0.0
54709,0.0,0.0,0,Level_III,2025-10-22T15:35:50.961369,0.0
55011,0.0,0.0,18,Level_I,2025-10-22T15:35:50.961385,0.0
55013,0.0,0.0,8,Level_II,2025-10-22T15:35:50.961400,0.0
55015,0.0,0.0,0,Level_III,2025-10-22T15:35:50.961415,0.0
55040,0.0,0.0,18,Level_I,2025-10-22T15:35:50.961431,0.0
55043,0.0,0.0,8,Level_II,2025-10-22T15:35:50.961446,0.0
55137,2.34375,2.34375,0,Level_III,2025-10-22T15:35:50.961462,0.0
55217,0.0,0.0,18,Level_I,2025-10-22T15:35:50.961477,0.0
55428,1.5625,1.5625,8,Level_II,2025-10-22T15:35:50.961492,0.0
55450,0.0,0.0,0,Level_III,2025-10-22T15:35:50.961508,0.0
55467,3.90625,3.90625,18,Level_I,2025-10-22T15:35:50.961523,0.0
55523,0.0,0.0,8,Level_II,2025-10-22T15:35:50.961539,0.0
55692,0.0,0.0,0,Level_III,2025-10-22T15:35:50.961554,0.0
55757,-0.78125,-0.78125,18,Level_I,2025-10-22T15:35:50.961570,0.0
55775,0.0,0.0,8,Level_II,2025-10-22T15:35:50.961585,0.0
55785,0.0,0.0,0,Level_III,2025-10-22T15:35:50.961600,0.0
55869,3.90625,3.90625,18,Level_I,2025-10-22T15:35:50.961616,0.0
55903,3.90625,3.90625,8,Level_II,2025-10-22T15:35:50.961631,0.0
55985,0.0,0.0,0,Level_III,2025-10-22T15:35:50.961647,0.0
56014,3.90625,3.90625,18,Level_I,2025-10-22T15:35:50.961662,0.0
56031,0.78125,0.78125,8,Level_II,2025-10-22T15:35:50.961678,0.0
56048,3.90625,3.90625,0,Level_III,2025-10-22T15:35:50.961693,0.0
56080,0.0,0.0,18,Level_I,2025-10-22T15:35:50.961708,0.0
56108,0.78125,0.78125,8,Level_II,2025-10-22T15:35:50.961723,0.0
56263,0.0,0.0,0,Level_III,2025-10-22T15:35:50.961739,0.0
56291,2.34375,2.34375,18,Level_I,2025-10-22T15:35:50.961754,0.0
56399,0.0,0.0,8,Level_II,2025-10-22T15:35:50.961769,0.0
56440,0.0,0.0,0,Level_III,2025-10-22T15:35:50.961785,0.0
56484,0.0,0.0,18,Level_I,2025-10-22T15:35:50.961800,0.0
56510,2.34375,2.34375,8,Level_II,2025-10-22T15:35:50.961815,0.0
56589,0.0,0.0,0,Level_III,2025-10-22T15:35:50.961831,0.0
56813,0.0,0.0,18,Level_I,2025-10-22T15:35:50.961846,0.0
56966,3.125,3.125,8,Level_II,2025-10-22T15:35:50.961862,0.0
56988,3.90625,3.90625,0,Level_III,2025-10-22T15:35:50.961878,0.0
57087,0.0,0.0,18,Level_I,2025-10-22T15:35:50.961894,0.0
57122,-2.34375,-2.34375,8,Level_II,2025-10-22T15:35:50.961909,0.0
57201,2.34375,2.34375,0,Level_III,2025-10-22T15:35:50.961924,0.0
57342,0.0,0.0,18,Level_I,2025-10-22T15:35:50.961940,0.0
57369,0.0,0.0,8,Level_II,2025-10-22T15:35:50.961955,0.0
57371,1.5625,1.5625,0,Level_III,2025-10-22T15:35:50.961970,0.0
57447,0.78125,0.78125,18,Level_I,2025-10-22T15:35:50.961986,0.0
57482,1.5625,1.5625,8,Level_II,2025-10-22T15:35:50.962002,0.0
57519,-0.78125,-0.78125,0,Level_III,2025-10-22T15:35:50.962017,0.0
57532,0.78125,0.78125,18,Level_I,2025-10-22T15:35:50.962032,0.0
57639,1.5625,1.5625,8,Level_II,2025-10-22T15:35:50.962048,0.0
57696,1.5625,1.5625,0,Level_III,2025-10-22T15:35:50.962063,0.0
57839,1.5625,1.5625,18,Level_I,2025-10-22T15:35:50.962078,0.0
57861,1.5625,1.5625,8,Level_II,2025-10-22T15:35:50.962094,0.0
58041,2.34375,2.34375,0,Level_III,2025-10-22T15:35:50.962109,0.0
58167,1.5625,1.5625,18,Level_I,2025-10-22T15:35:50.962125,0.0
58177,-0.78125,-0.78125,8,Level_II,2025-10-22T15:35:50.962141,0.0
58213,-5.46875,-5.46875,0,Level_III,2025-10-22T15:35:50.962156,0.0
58368,-3.125,-3.125,18,Level_I,2025-10-22T15:35:50.962172,0.0
58593,-3.125,-3.125,8,Level_II,2025-10-22T15:35:50.962187,0.0
58699,-3.125,-3.125,0,Level_III,2025-10-22T15:35:50.962203,0.0
58711,-3.125,-3.125,18,Level_I,2025-10-22T15:35:50.962218,0.0
58822,0.78125,0.78125,8,Level_II,2025-10-22T15:35:50.962233,0.0
58950,-3.125,-3.125,0,Level_III,2025-10-22T15:35:50.962249,0.0
58952,-4.6875,-4.6875,18,Level_I,2025-10-22T15:35:50.962264,0.0
59030,-1.5625,-1.5625,8,Level_II,2025-10-22T15:35:50.962279,0.0
59038,-3.125,-3.125,0,Level_III,2025-10-22T15:35:50.962295,0.0
59086,-1.5625,-1.5625,18,Level_I,2025-10-22T15:35:50.962310,0.0
59122,-2.34375,-2.34375,8,Level_II,2025-10-22T15:35:50.962326,0.0
59224,-2.34375,-2.34375,0,Level_III,2025-10-22T15:35:50.962341,0.0
59290,-3.125,-3.125,18,Level_I,2025-10-22T15:35:50.962356,0.0
59436,-3.125,-3.125,8,Level_II,2025-10-22T15:35:50.962372,0.0
59536,-0.78125,-0.78125,0,Level_III,2025-10-22T15:35:50.962387,0.0
59553,-3.125,-3.125,18,Level_I,2025-10-22T15:35:50.962403,0.0
59573,-3.125,-3.125,8,Level_II,2025-10-22T15:35:50.962418,0.0
59622,-3.125,-3.125,0,Level_III,2025-10-22T15:35:50.962434,0.0
59639,-3.125,-3.125,18,Level_I,2025-10-22T15:35:50.962449,0.0
59808,-0.78125,-0.78125,8,Level_II,2025-10-22T15:35:50.962464,0.0
59875,-0.78125,-0.78125,0,Level_III,2025-10-22T15:35:50.962480,0.0
59951,-0.78125,-0.78125,18,Level_I,2025-10-22T15:35:50.962495,0.0
60206,-0.78125,-0.78125,8,Level_II,2025-10-22T15:35:50.962510,0.0
60219,-1.5625,-1.5625,0,Level_III,2025-10-22T15:35:50.962526,0.0
60229,-1.5625,-1.5625,18,Level_I,2025-10-22T15:35:50.962541,0.0
60242,-0.78125,-0.78125,8,Level_II,2025-10-22T15:35:50.962557,0.0
60251,-0.78125,-0.78125,0,Level_III,2025-10-22T15:35:50.962572,0.0
60369,-0.78125,-0.78125,18,Level_I,2025-10-22T15:35:50.962587,0.0
60548,-0.78125,-0.78125,8,Level_II,2025-10-22T15:35:50.962602,0.0
60662,0.78125,0.78125,0,Level_III,2025-10-22T15:35:50.962618,0.0
60671,-3.125,-3.125,18,Level_I,2025-10-22T15:35:50.962633,0.0
60742,1.5625,1.5625,8,Level_II,2025-10-22T15:35:50.962648,0.0
60798,1.5625,1.5625,0,Level_III,2025-10-22T15:35:50.962664,0.0
60966,-1.5625,-1.5625,18,Level_I,2025-10-22T15:35:50.962679,0.0
61032,-1.5625,-1.5625,8,Level_II,2025-10-22T15:35:50.962695,0.0
61069,-1.5625,-1.5625,0,Level_III,2025-10-22T15:35:50.962710,0.0
61091,-1.5625,-1.5625,18,Level_I,2025-10-22T15:35:50.962725,0.0
61124,1.5625,1.5625,8,Level_II,2025-10-22T15:35:50.962741,0.0
61244,-1.5625,-1.5625,0,Level_III,2025-10-22T15:35:50.962757,0.0
61284,-1.5625,-1.5625,18,Level_I,2025-10-22T15:35:50.962773,0.0
61383,-1.5625,-1.5625,8,Level_II,2025-10-22T15:35:50.962789,0.0
61495,-1.5625,-1.5625,0,Level_III,2025-10-22T15:35:50.962805,0.0
61670,-1.5625,-1.5625,18,Level_I,2025-10-22T15:35:50.962820,0.0
61707,-1.5625,-1.5625,8,Level_II,2025-10-22T15:35:50.962836,0.0
61743,-1.5625,-1.5625,0,Level_III,2025-10-22T15:35:50.962851,0.0
61815,-1.5625,-1.5625,18,Level_I,2025-10-22T15:35:50.962866,0.0
61907,-3.125,-3.125,8,Level_II,2025-10-22T15:35:50.962882,0.0
61912,-0.78125,-0.78125,0,Level_III,2025-10-22T15:35:50.962897,0.0
61932,1.5625,1.5625,18,Level_I,2025-10-22T15:35:50.962913,0.0
62073,-1.5625,-1.5625,8,Level_II,2025-10-22T15:35:50.962928,0.0
62180,-1.5625,-1.5625,0,Level_III,2025-10-22T15:35:50.962943,0.0
62329,1.5625,1.5625,18,Level_I,2025-10-22T15:35:50.962959,0.0
62345,-1.5625,-1.5625,8,Level_II,2025-10-22T15:35:50.962974,0.0
62353,0.78125,0.78125,0,Level_III,2025-10-22T15:35:50.962989,0.0
62365,-1.5625,-1.5625,18,Level_I,2025-10-22T15:35:50.963005,0.0
62459,-0.78125,-0.78125,8,Level_II,2025-10-22T15:35:50.963020,0.0
62560,1.5625,1.5625,0,Level_III,2025-10-22T15:35:50.963035,0.0
62587,0.0,0.0,18,Level_I,2025-10-22T15:35:50.963051,0.0
62616,2.34375,2.34375,8,Level_II,2025-10-22T15:35:50.963066,0.0
62914,1.5625,1.5625,0,Level_III,2025-10-22T15:35:50.963082,0.0
62923,-0.78125,-0.78125,18,Level_I,2025-10-22T15:35:50.963097,0.0
62977,-0.78125,-0.78125,8,Level_II,2025-10-22T15:35:50.963112,0.0
63013,-0.78125,-0.78125,0,Level_III,2025-10-22T15:35:50.963128,0.0
63022,-0.78125,-0.78125,18,Level_I,2025-10-22T15:35:50.963143,0.0
63174,-0.78125,-0.78125,8,Level_II,2025-10-22T15:35:50.963159,0.0
63192,-0.78125,-0.78125,0,Level_III,2025-10-22T15:35:50.963174,0.0
63260,1.5625,1.5625,18,Level_I,2025-10-22T15:35:50.963189,0.0
63286,-0.78125,-0.78125,8,Level_II,2025-10-22T15:35:50.963205,0.0
63320,-1.5625,-1.5625,0,Level_III,2025-10-22T15:35:50.963220,0.0
63436,-2.34375,-2.34375,18,Level_I,2025-10-22T15:35:50.963235,0.0
63531,-4.6875,-4.6875,8,Level_II,2025-10-22T15:35:50.963251,0.0
63563,-3.125,-3.125,0,Level_III,2025-10-22T15:35:50.963266,0.0
63565,-4.6875,-4.6875,18,Level_I,2025-10-22T15:35:50.963281,0.0
63583,-1.5625,-1.5625,8,Level_II,2025-10-22T15:35:50.963297,0.0
63585,-2.34375,-2.34375,0,Level_III,2025-10-22T15:35:50.963312,0.0
63599,-3.125,-3.125,18,Level_I,2025-10-22T15:35:50.963328,0.0
63744,-3.125,-3.125,8,Level_II,2025-10-22T15:35:50.963343,0.0
63835,-4.6875,-4.6875,0,Level_III,2025-10-22T15:35:50.963358,0.0
63848,-3.125,-3.125,18,Level_I,2025-10-22T15:35:50.963374,0.0
64062,-3.125,-3.125,8,Level_II,2025-10-22T15:35:50.963389,0.0
64069,-3.125,-3.125,0,Level_III,2025-10-22T15:35:50.963404,0.0
64079,-3.125,-3.125,18,Level_I,2025-10-22T15:35:50.963420,0.0
64143,-3.125,-3.125,8,Level_II,2025-10-22T15:35:50.963435,0.0
64192,-4.6875,-4.6875,0,Level_III,2025-10-22T15:35:50.963454,0.0
64194,-4.6875,-4.6875,18,Level_I,2025-10-22T15:35:50.963484,0.0
64199,-2.34375,-2.34375,8,Level_II,2025-10-22T15:35:50.963504,0.0
64202,-2.34375,-2.34375,0,Level_III,2025-10-22T15:35:50.963520,0.0
64348,0.0,0.0,18,Level_I,2025-10-22T15:35:50.963536,0.0
64349,0.0,0.0,8,Level_II,2025-10-22T15:35:50.963552,0.0
64377,-3.125,-3.125,0,Level_III,2025-10-22T15:35:50.963568,0.0
64383,-3.125,-3.125,18,Level_I,2025-10-22T15:35:50.963584,0.0
64492,-3.125,-3.125,8,Level_II,2025-10-22T15:35:50.963599,0.0
64632,-2.34375,-2.34375,0,Level_III,2025-10-22T15:35:50.963615,0.0
64651,-3.125,-3.125,18,Level_I,2025-10-22T15:35:50.963630,0.0
64698,0.0,0.0,8,Level_II,2025-10-22T15:35:50.963646,0.0
64823,-3.125,-3.125,0,Level_III,2025-10-22T15:35:50.963662,0.0
64851,-1.5625,-1.5625,18,Level_I,2025-10-22T15:35:50.963677,0.0
64875,-0.78125,-0.78125,8,Level_II,2025-10-22T15:35:50.963693,0.0
64885,-1.5625,-1.5625,0,Level_III,2025-10-22T15:35:50.963708,0.0
64896,-3.125,-3.125,18,Level_I,2025-10-22T15:35:50.963724,0.0
64950,-3.125,-3.125,8,Level_II,2025-10-22T15:35:50.963739,0.0
64951,-3.125,-3.125,0,Level_III,2025-10-22T15:35:50.963754,0.0
64995,-2.34375,-2.34375,18,Level_I,2025-10-22T15:35:50.963770,0.0
65007,-3.125,-3.125,8,Level_II,2025-10-22T15:35:50.963785,0.0
65010,0.0,0.0,0,Level_III,2025-10-22T15:35:50.963801,0.0
65014,0.78125,0.78125,18,Level_I,2025-10-22T15:35:50.963816,0.0
65027,-3.90625,-3.90625,8,Level_II,2025-10-22T15:35:50.963831,0.0
65042,1.5625,1.5625,0,Level_III,2025-10-22T15:35:50.963847,0.0
65172,1.5625,1.5625,18,Level_I,2025-10-22T15:35:50.963862,0.0
65291,1.5625,1.5625,8,Level_II,2025-10-22T15:35:50.963877,0.0
65338,1.5625,1.5625,0,Level_III,2025-10-22T15:35:50.963893,0.0
65362,-2.34375,-2.34375,18,Level_I,2025-10-22T15:35:50.963908,0.0
65416,1.5625,1.5625,8,Level_II,2025-10-22T15:35:50.963924,0.0
65583,-2.34375,-2.34375,0,Level_III,2025-10-22T15:35:50.963939,0.0
65591,-1.5625,-1.5625,18,Level_I,2025-10-22T15:35:50.963954,0.0
65615,0.78125,0.78125,8,Level_II,2025-10-22T15:35:50.963969,0.0
65808,1.5625,1.5625,0,Level_III,2025-10-22T15:35:50.963985,0.0
65848,-2.34375,-2.34375,18,Level_I,2025-10-22T15:35:50.964000,0.0
65861,-0.78125,-0.78125,8,Level_II,2025-10-22T15:35:50.964015,0.0
65869,1.5625,1.5625,0,Level_III,2025-10-22T15:35:50.964030,0.0
65878,-2.34375,-2.34375,18,Level_I,2025-10-22T15:35:50.964046,0.0
65882,1.5625,1.5625,8,Level_II,2025-10-22T15:35:50.964061,0.0
65925,-2.34375,-2.34375,0,Level_III,2025-10-22T15:35:50.964076,0.0
65934,0.0,0.0,18,Level_I,2025-10-22T15:35:50.964092,0.0
65988,1.5625,1.5625,8,Level_II,2025-10-22T15:35:50.964107,0.0
66046,-2.34375,-2.34375,0,Level_III,2025-10-22T15:35:50.964122,0.0
66076,1.5625,1.5625,18,Level_I,2025-10-22T15:35:50.964138,0.0
66089,1.5625,1.5625,8,Level_II,2025-10-22T15:35:50.964153,0.0
66233,-2.34375,-2.34375,0,Level_III,2025-10-22T15:35:50.964168,0.0
66371,-1.5625,-1.5625,18,Level_I,2025-10-22T15:35:50.964184,0.0
66416,-0.78125,-0.78125,8,Level_II,2025-10-22T15:35:50.964199,0.0
66459,-2.34375,-2.34375,0,Level_III,2025-10-22T15:35:50.964214,0.0
66475,-1.5625,-1.5625,18,Level_I,2025-10-22T15:35:50.964230,0.0
66546,-1.5625,-1.5625,8,Level_II,2025-10-22T15:35:50.964245,0.0
66623,0.0,0.0,0,Level_III,2025-10-22T15:35:50.964261,0.0
66721,1.5625,1.5625,18,Level_I,2025-10-22T15:35:50.964276,0.0
66726,-3.125,-3.125,8,Level_II,2025-10-22T15:35:50.964297,0.0
66728,-3.90625,-3.90625,0,Level_III,2025-10-22T15:35:50.964312,0.0
66770,-1.5625,-1.5625,18,Level_I,2025-10-22T15:35:50.964328,0.0
66801,-1.5625,-1.5625,8,Level_II,2025-10-22T15:35:50.964343,0.0
66886,0.0,0.0,0,Level_III,2025-10-22T15:35:50.964359,0.0
67043,-1.5625,-1.5625,18,Level_I,2025-10-22T15:35:50.964375,0.0
67080,-3.90625,-3.90625,8,Level_II,2025-10-22T15:35:50.964397,0.0
67090,-1.5625,-1.5625,0,Level_III,2025-10-22T15:35:50.964413,0.0
67095,-1.5625,-1.5625,18,Level_I,2025-10-22T15:35:50.964428,0.0
67178,-3.90625,-3.90625,8,Level_II,2025-10-22T15:35:50.964444,0.0
67235,-1.5625,-1.5625,0,Level_III,2025-10-22T15:35:50.964459,0.0
67455,1.5625,1.5625,18,Level_I,2025-10-22T15:35:50.964475,0.0
67457,1.5625,1.5625,8,Level_II,2025-10-22T15:35:50.964490,0.0
67644,-3.90625,-3.90625,0,Level_III,2025-10-22T15:35:50.964506,0.0
67717,-3.90625,-3.90625,18,Level_I,2025-10-22T15:35:50.964521,0.0
67807,-2.34375,-2.34375,8,Level_II,2025-10-22T15:35:50.964537,0.0
67949,-1.5625,-1.5625,0,Level_III,2025-10-22T15:35:50.964553,0.0
67972,-1.5625,-1.5625,18,Level_I,2025-10-22T15:35:50.964568,0.0
68005,-5.46875,-5.46875,8,Level_II,2025-10-22T15:35:50.964584,0.0
68024,1.5625,1.5625,0,Level_III,2025-10-22T15:35:50.964599,0.0
68136,-1.5625,-1.5625,18,Level_I,2025-10-22T15:35:50.964614,0.0
68197,0.78125,0.78125,8,Level_II,2025-10-22T15:35:50.964630,0.0
68228,1.5625,1.5625,0,Level_III,2025-10-22T15:35:50.964645,0.0
68241,-1.5625,-1.5625,18,Level_I,2025-10-22T15:35:50.964660,0.0
68382,0.0,0.0,8,Level_II,2025-10-22T15:35:50.964676,0.0
68556,0.78125,0.78125,0,Level_III,2025-10-22T15:35:50.964691,0.0
68577,-3.125,-3.125,18,Level_I,2025-10-22T15:35:50.964706,0.0
68605,-0.78125,-0.78125,8,Level_II,2025-10-22T15:35:50.964722,0.0
68719,-1.5625,-1.5625,0,Level_III,2025-10-22T15:35:50.964737,0.0
68781,-5.46875,-5.46875,18,Level_I,2025-10-22T15:35:50.964752,0.0
68905,-6.25,-6.25,8,Level_II,2025-10-22T15:35:50.964768,0.0
68926,-1.5625,-1.5625,0,Level_III,2025-10-22T15:35:50.964783,0.0
68940,-1.5625,-1.5625,18,Level_I,2025-10-22T15:35:50.964799,0.0
69007,-1.5625,-1.5625,8,Level_II,2025-10-22T15:35:50.964814,0.0
69026,0.78125,0.78125,0,Level_III,2025-10-22T15:35:50.964830,0.0
69104,-2.34375,-2.34375,18,Level_I,2025-10-22T15:35:50.964845,0.0
69121,-1.5625,-1.5625,8,Level_II,2025-10-22T15:35:50.964860,0.0
69234,1.5625,1.5625,0,Level_III,2025-10-22T15:35:50.964876,0.0
69325,-1.5625,-1.5625,18,Level_I,2025-10-22T15:35:50.964891,0.0
69365,-1.5625,-1.5625,8,Level_II,2025-10-22T15:35:50.964906,0.0
69554,-3.125,-3.125,0,Level_III,2025-10-22T15:35:50.964922,0.0
69573,-1.5625,-1.5625,18,Level_I,2025-10-22T15:35:50.964937,0.0
